WKT,OBJECTID,hour,lon,depth,month,second,magnitude,year,lat,day,minute,Shape_X,Shape_Y
POINT (-13380604.1918 4109655.3757),180,4,-120.2,,1,99.99,5.7,1915,34.6,12,31,-1.30E+07,4109655
POINT (-13302680.5817 4661688.2353),181,23,-119.5,,4,99.99,5,1915,38.58,5,11,-1.30E+07,4661688
POINT (-13226983.2849 4311635.526),182,6,-118.82,,5,99.99,5,1915,36.08,29,46,-1.30E+07,4311636
POINT (-12857402.4809 3868787.9343),183,3,-115.5,,6,99.99,6,1915,32.8,23,59,-1.30E+07,3868788
POINT (-12857402.4809 3868787.9343),184,4,-115.5,,6,99.99,5.9,1915,32.8,23,56,-1.30E+07,3868788
POINT (-12801742.7194 3763311.2475),185,,-115,,11,42,6.6,1915,32,21,13,-1.30E+07,3763311
POINT (-14026257.4161 5012342.3766),186,12,-126,,12,99.99,6.5,1915,41,31,20,-1.40E+07,5012342
POINT (-13497489.6975 4393208.9981),187,19,-121.25,,8,99.99,5.8,1916,36.67,6,38,-1.30E+07,4393209
POINT (-12924194.1905 3921881.4482),188,2,-116.1,,9,99.99,5.7,1916,33.2,30,11,-1.30E+07,3921881
POINT (-13247020.7838 4143516.0383),189,2,-119,,10,99.99,5.5,1916,34.85,23,44,-1.30E+07,4143516
POINT (-12990985.9159 4204725.7376),190,9,-116.7,,11,99.99,5.9,1916,35.3,10,11,-1.30E+07,4204726
POINT (-12835138.5787 3868787.9356),192,6,-115.3,,5,99.99,5.5,1917,32.8,28,6,-1.30E+07,3868788
POINT (-13024381.7543 3995282.9775),193,22,-117,,4,25,6.8,1918,33.75,21,32,-1.30E+07,3995283
POINT (-12846270.5282 3842330.8494),194,4,-115.4,,5,99.99,5.6,1918,32.6,1,32,-1.30E+07,3842331
POINT (-12990985.9001 3975218.0759),195,22,-116.7,,6,99.99,5.5,1918,33.6,6,32,-1.30E+07,3975218
POINT (-13914937.9103 5012342.3894),196,,-125,,7,99.99,6.5,1918,41,15,23,-1.40E+07,5012342
POINT (-13269284.6861 4150300.4905),197,15,-119.2,,2,99.99,5.7,1919,34.9,16,57,-1.30E+07,4150300
POINT (-12801742.7239 3842330.8519),198,19,-115,,10,99.99,5.9,1919,32.6,1,30,-1.30E+07,3842331
POINT (-13302680.5779 4621893.5979),199,13,-119.5,,12,99.99,5.2,1919,38.3,19,59,-1.30E+07,4621894
POINT (-12990985.8967 3921881.4439),200,2,-116.7,,1,,5,1920,33.2,1,35,-1.30E+07,3921881
POINT (-12857402.4778 3815932.7594),201,19,-115.5,,9,,5.5,1921,32.4,8,24,-1.30E+07,3815933
POINT (-14026257.4161 5012342.3766),202,9,-126,,1,20,6,1922,41,26,31,-1.40E+07,5012342
POINT (-13970597.6632 5012342.3831),203,13,-125.5,,1,22,7.3,1922,41,31,17,-1.40E+07,5012342
POINT (-13386170.179 4266276.7261),204,11,-120.25,,3,20,6.3,1922,35.75,10,21,-1.30E+07,4266277
POINT (-13386170.179 4266276.7261),205,5,-120.25,,8,,5.7,1922,35.75,18,12,-1.30E+07,4266277
POINT (-13436263.9529 4204725.7038),206,9,-120.7,,9,99.99,5.5,1922,35.3,5,5,-1.30E+07,4204726
POINT (-13414000.1439 5160980.2507),207,4,-120.5,,1,,5,1923,42,11,29,-1.30E+07,5160980
POINT (-13903805.9497 4924241.302),208,9,-124.9,,1,18,7.2,1923,40.4,22,4,-1.40E+07,4924241
POINT (-13914937.9103 5012342.3894),209,2,-125,,4,29,5,1923,41,29,31,-1.40E+07,5012342
POINT (-13052211.6342 4028802.6779),210,7,-117.25,,7,26,6.2,1923,34,23,30,-1.30E+07,4028803
POINT (-12857402.4785 3829124.466),211,22,-115.5,,11,,5,1923,32.5,5,7,-1.30E+07,3829124
POINT (-12857402.4785 3829124.466),212,23,-115.5,,11,,5.5,1923,32.5,7,57,-1.30E+07,3829124
POINT (-13914937.9188 5086374.3851),213,12,-125,,6,52,6,1925,41.5,4,2,-1.40E+07,5086374
POINT (-13336076.3855 4069156.8217),214,14,-119.8,,6,16,6.8,1925,34.3,29,42,-1.30E+07,4069157
POINT (-13302680.5329 4069156.8241),215,18,-119.5,,2,,5.5,1926,34.3,18,18,-1.30E+07,4069157
POINT (-12913062.2463 4028802.6873),216,20,-116,,4,,5.5,1926,34,3,8,-1.30E+07,4028803
POINT (-13302680.5349 4096139.686),217,23,-119.5,,6,,5.5,1926,34.5,29,21,-1.30E+07,4096140
POINT (-13180229.088 4273137.1462),218,13,-118.4,,6,,5.5,1926,35.8,30,31,-1.30E+07,4273137
POINT (-13402868.1135 4369641.1921),219,17,-120.4,15,7,49,5.8,1926,36.5,25,57,-1.30E+07,4369641
POINT (-13603243.2281 4373796.4331),220,12,-122.2,,10,7,6.1,1926,36.53,22,35,-1.40E+07,4373796
POINT (-13601016.8382 4376567.5005),221,13,-122.18,,10,22,6.1,1926,36.55,22,35,-1.40E+07,4376568
POINT (-13604356.429 4441895.5714),222,22,-122.21,,10,49.5,5.8,1926,37.02,24,51,-1.40E+07,4441896
POINT (-14026257.4119 4975537.069),223,8,-126,,12,53,6,1926,40.75,10,38,-1.40E+07,4975537
POINT (-13402868.1124 4355801.9443),224,9,-120.4,,12,,5.5,1926,36.4,27,19,-1.30E+07,4355802
POINT (-12857402.4785 3829124.466),225,8,-115.5,,1,45,5.8,1927,32.5,1,16,-1.30E+07,3829124
POINT (-12857402.4785 3829124.466),226,9,-115.5,,1,30,5.5,1927,32.5,1,13,-1.30E+07,3829124
POINT (-13611035.5987 4432140.3949),227,11,-122.27,,2,99.99,5.9,1927,36.95,15,54,-1.40E+07,4432140
POINT (-13609922.4036 4432140.3951),228,23,-122.26,,2,3.5,5,1927,36.95,15,54,-1.40E+07,4432140
POINT (-13191361.0212 4028802.6684),229,12,-118.5,,8,,5,1927,34,4,24,-1.30E+07,4028803
POINT (-13870410.1078 5012342.3947),230,20,-124.6,,8,44,5,1927,41,20,5,-1.40E+07,5012342
POINT (-13219190.9358 4509032.113),231,2,-118.75,,9,7,5.5,1927,37.5,18,7,-1.30E+07,4509032
POINT (-13458527.8475 4109655.3701),232,13,-120.9,,11,53,7.1,1927,34.6,4,50,-1.30E+07,4109655
POINT (-13653337.0501 4836921.9759),233,21,-122.65,,4,15,5.5,1928,39.8,15,57,-1.40E+07,4836922
POINT (-13024381.766 4163881.8211),234,14,-117,,9,,5.5,1928,35,5,42,-1.30E+07,4163882
POINT (-12990985.9001 3975218.0759),235,19,-116.7,,10,,5.5,1928,33.6,2,1,-1.30E+07,3975218
POINT (-12970948.3995 4140803.4313),236,20,-116.52,,9,22.7,5.1,1929,34.83,26,,-1.30E+07,4140803
POINT (-13156852.0033 4425177.9392),237,19,-118.19,,11,,5.5,1929,36.9,28,49,-1.30E+07,4425178
POINT (-13013249.8074 4055689.5181),238,,-116.9,,1,33.9,5.5,1930,34.2,16,24,-1.30E+07,4055690
POINT (-13015476.1975 4052997.971),239,,-116.92,,1,3.6,5.1,1930,34.18,16,34,-1.30E+07,4052998
POINT (-12857402.4825 3895304.6043),240,2,-115.5,,2,,5,1930,33,26,30,-1.30E+07,3895305
POINT (-13302680.5349 4096139.686),241,11,-119.5,,8,,5,1930,34.5,5,25,-1.30E+07,4096140
POINT (-13205832.5569 4022090.8622),242,,-118.63,,8,36,5.2,1930,33.95,31,40,-1.30E+07,4022091
POINT (-13825882.3043 5004970.205),243,2,-124.2,,9,,5.5,1930,40.95,23,58,-1.40E+07,5004970
POINT (-13914937.894 4865942.9851),245,3,-125,,3,53,5.6,1931,40,10,28,-1.40E+07,4865943
POINT (-13981729.6007 4895049.1428),246,18,-125.6,,8,35,5.3,1931,40.2,23,1,-1.40E+07,4895049
POINT (-13914937.9068 4982887.0381),247,13,-125,,9,30,5.8,1931,40.8,9,40,-1.40E+07,4982887
POINT (-13469659.8128 4300622.0372),248,16,-121,,2,,5,1932,36,26,58,-1.30E+07,4300622
POINT (-13837014.2525 4982887.0471),249,8,-124.3,,6,22,6.4,1932,40.8,6,44,-1.40E+07,4982887
POINT (-13135701.3198 4685924.9787),250,6,-118,,12,5,7.2,1932,38.75,21,10,-1.30E+07,4685925
POINT (-13135701.3205 4693064.4031),251,12,-118,,12,99.99,5,1932,38.8,24,41,-1.30E+07,4693064
POINT (-13135701.3205 4693064.4031),252,3,-118,,12,99.99,5.5,1932,38.8,25,55,-1.30E+07,4693064
POINT (-13093399.8965 4582252.2712),253,5,-117.62,,12,99.99,5.3,1932,38.02,26,2,-1.30E+07,4582252
POINT (-13135701.3205 4693064.4031),254,6,-118,,12,99.99,5.2,1932,38.8,29,21,-1.30E+07,4693064
POINT (-13135701.3205 4693064.4031),255,6,-118,,12,99.99,5,1932,38.8,29,38,-1.30E+07,4693064
POINT (-13135701.3205 4693064.4031),256,6,-118,,12,99.99,5,1932,38.8,29,46,-1.30E+07,4693064
POINT (-13135701.3198 4685924.9787),257,6,-118,,1,20,5.9,1933,38.75,5,50,-1.30E+07,4685925
POINT (-13132361.6779 3980565.2873),258,1,-117.97,6,3,9.5,6.4,1933,33.64,11,54,-1.30E+07,3980565
POINT (-13131248.4842 4001979.0655),259,5,-117.96,6,3,48.33,5,1933,33.8,11,18,-1.30E+07,4001979
POINT (-13134588.068 3979228.2493),260,6,-117.99,6,3,44.67,5.28,1933,33.63,11,58,-1.30E+07,3979228
POINT (-13283756.272 4733138.1241),261,20,-119.33,,6,27,6.1,1933,39.08,25,45,-1.30E+07,4733138
POINT (-13175776.3371 4619057.0268),262,20,-118.36,,1,31,6.3,1934,38.28,30,16,-1.30E+07,4619057
POINT (-13135701.3099 4579426.5522),263,16,-118,,3,,5,1934,38,13,20,-1.30E+07,4579427
POINT (-13390622.9597 4271764.7037),264,4,-120.29,6,6,48.95,6,1934,35.79,8,47,-1.30E+07,4271765
POINT (-13998427.544 5049287.5555),265,22,-125.75,,7,,6.5,1934,41.25,6,48,-1.40E+07,5049288
POINT (-12868534.4317 3864815.5867),266,13,-115.6,6,12,15.21,6.5,1934,32.77,30,52,-1.30E+07,3864816
POINT (-12860742.0639 3830444.4425),267,18,-115.53,6,12,49.8,7,1934,32.51,31,45,-1.30E+07,3830444
POINT (-13942767.7744 4902339.0898),268,22,-125.25,,1,58,5.8,1935,40.25,2,40,-1.40E+07,4902339
POINT (-12824006.6214 3760686.2212),269,1,-115.2,,2,,5.5,1935,31.98,24,45,-1.30E+07,3760686
POINT (-13803618.4039 5012342.4023),270,17,-124,,6,,5,1935,41,3,8,-1.40E+07,5012342
POINT (-12830685.7982 3867463.6714),271,7,-115.26,6,12,31.31,5.28,1935,32.79,20,45,-1.30E+07,3867464
POINT (-13176889.5236 4524478.1751),272,17,-118.37,10,5,13.2,5,1936,37.61,10,40,-1.30E+07,4524478
POINT (-13914937.9103 5012342.3894),273,1,-125,,10,,5,1936,41,10,25,-1.40E+07,5012342
POINT (-13942767.7785 4938869.8882),274,4,-125.25,,2,34,5.8,1937,40.5,7,41,-1.40E+07,4938870
POINT (-13169097.1668 4621893.6106),275,9,-118.3,,2,,5,1937,38.3,19,9,-1.30E+07,4621894
POINT (-12962042.8262 3956522.3002),276,16,-116.44,6,3,3.98,5.6,1937,33.46,25,49,-1.30E+07,3956522
POINT (-13078928.3139 3989928.9086),277,8,-117.49,6,5,55.44,5.22,1938,33.71,31,34,-1.30E+07,3989929
POINT (-13803618.4039 5012342.4023),278,18,-124,,7,,5,1938,41,1,13,-1.40E+07,5012342
POINT (-13803618.3877 4865942.9971),279,6,-124,,9,,5.5,1938,40,12,10,-1.40E+07,4865943
POINT (-13497489.6949 4362719.3303),280,12,-121.25,,9,,5,1938,36.45,27,23,-1.30E+07,4362719
POINT (-13202493.0088 4502018.703),281,17,-118.6,10,12,52.6,5.7,1938,37.45,3,42,-1.30E+07,4502019
POINT (-13269284.7348 4721672.3231),282,22,-119.2,,1,,5.5,1939,39,11,,-1.30E+07,4721672
POINT (-13082267.8851 3758061.7538),283,23,-117.52,6,5,9.02,5.03,1939,31.96,1,53,-1.30E+07,3758062
POINT (-13082267.8851 3758061.7538),284,23,-117.52,6,5,9.02,5.03,1939,31.96,1,53,-1.30E+07,3758062
POINT (-12781705.2427 4296494.9222),285,20,-114.82,,5,46.7,5,1939,35.97,4,44,-1.30E+07,4296495
POINT (-13116777.0008 4661688.253),286,18,-117.83,,5,,5.5,1939,38.58,11,4,-1.30E+07,4661688
POINT (-13052211.6654 4441895.6192),287,17,-117.25,,6,,5,1939,37.02,13,15,-1.30E+07,4441896
POINT (-13519753.6006 4411266.5883),288,13,-121.45,,6,,5.5,1939,36.8,24,2,-1.40E+07,4411267
POINT (-13076701.9096 3756749.7419),289,16,-117.47,6,6,27.63,5.3,1939,31.95,24,27,-1.30E+07,3756750
POINT (-13460754.2519 4296494.8684),290,12,-120.92,6,12,33.03,5.16,1939,35.97,28,15,-1.30E+07,4296495
POINT (-13536451.5701 4865943.0257),291,8,-121.6,,2,59,5.7,1940,40,8,5,-1.40E+07,4865943
POINT (-12946458.1002 4039549.7975),292,5,-116.3,6,5,59.91,5.33,1940,34.08,18,3,-1.30E+07,4039550
POINT (-12946458.1 4035518.4422),293,5,-116.3,6,5,21.68,5.21,1940,34.05,18,51,-1.30E+07,4035518
POINT (-12859628.8714 3875411.4925),294,4,-115.52,6,5,42.51,6.9,1940,32.85,19,36,-1.30E+07,3875411
POINT (-12857402.4811 3872761.6218),295,4,-115.5,6,5,56.18,5.15,1940,32.83,19,54,-1.30E+07,3872762
POINT (-12857402.4813 3875411.4926),296,5,-115.5,6,5,38.13,5.41,1940,32.85,19,51,-1.30E+07,3875411
POINT (-12857402.4811 3872761.6218),297,6,-115.5,6,5,21.4,5.18,1940,32.83,19,33,-1.30E+07,3872762
POINT (-12857402.4811 3872761.6218),298,6,-115.5,6,5,33.45,5.18,1940,32.83,19,35,-1.30E+07,3872762
POINT (-12947571.2858 3891323.2765),299,10,-116.31,6,6,8.12,5.03,1940,32.97,4,35,-1.30E+07,3891323
POINT (-13803618.3877 4865942.9971),300,23,-124,,12,42,5.5,1940,40,20,40,-1.40E+07,4865943
POINT (-13959465.7076 4968192.6448),301,9,-125.4,,2,42,6.6,1941,40.7,9,44,-1.40E+07,4968193
POINT (-13321604.8483 4052997.9498),302,7,-119.67,6,7,55.38,5.9,1941,34.18,1,50,-1.30E+07,4052998
POINT (-13247020.8475 4865943.0563),303,3,-119,,7,42,5,1941,40,18,53,-1.30E+07,4865943
POINT (-13216964.5465 4518858.7844),304,16,-118.73,,9,31.8,5.8,1941,37.57,14,43,-1.30E+07,4518859
POINT (-13216964.5465 4518858.7844),305,18,-118.73,,9,18.7,5.5,1941,37.57,14,21,-1.30E+07,4518859
POINT (-13216964.5465 4518858.7844),306,18,-118.73,,9,11.9,5.5,1941,37.57,14,39,-1.30E+07,4518859
POINT (-13216964.5465 4518858.7844),307,21,-118.73,,9,1,5,1941,37.57,14,16,-1.30E+07,4518859
POINT (-13239228.4183 4146229.3252),308,19,-118.93,6,9,8.69,5.12,1941,34.87,21,53,-1.30E+07,4146229
POINT (-13892673.9991 4924241.3033),309,16,-124.8,,10,8,6.4,1941,40.4,3,13,-1.40E+07,4924241
POINT (-13914937.9004 4924241.3007),310,6,-125,,10,,5,1941,40.4,6,59,-1.40E+07,4924241
POINT (-13170210.3125 4000639.5311),311,8,-118.31,6,11,37.23,5.12,1941,33.79,14,41,-1.30E+07,4000640
POINT (-13216964.5465 4518858.7844),312,6,-118.73,,12,44,5.4,1941,37.57,31,48,-1.30E+07,4518859
POINT (-13191361.0727 4664536.6424),313,21,-118.5,,8,24,5,1942,38.6,18,55,-1.30E+07,4664537
POINT (-12884119.1648 3891323.2803),314,16,-115.74,6,10,11.56,6.4,1942,32.97,21,22,-1.30E+07,3891323
POINT (-12857402.4848 3932529.1754),315,1,-115.5,6,10,36.17,5.65,1942,33.28,22,50,-1.30E+07,3932529
POINT (-13280416.6958 4822443.1535),316,9,-119.3,,12,42,5.9,1942,39.7,3,44,-1.30E+07,4822443
POINT (-13347208.3892 4703067.9979),317,15,-119.9,,12,43,5.1,1942,38.87,17,7,-1.30E+07,4703068
POINT (-13402868.1517 4783454.6386),318,21,-120.4,,3,28,5.3,1943,39.43,30,7,-1.30E+07,4783455
POINT (-13157965.2145 4607718.5012),319,5,-118.2,,8,4,5.5,1943,38.2,9,30,-1.30E+07,4607719
POINT (-13016589.3937 4070504.4577),320,3,-116.93,6,8,13.42,5.3,1943,34.31,29,45,-1.30E+07,4070504
POINT (-12890798.3478 4081291.1612),321,15,-115.8,6,12,28.43,5.12,1943,34.39,22,50,-1.30E+07,4081291
POINT (-13903805.9482 4909634.4245),322,15,-124.9,,1,40,5.1,1944,40.3,12,2,-1.40E+07,4909634
POINT (-13926069.8494 4909634.4221),323,2,-125.1,,1,29,5.1,1944,40.3,16,20,-1.40E+07,4909634
POINT (-12993212.2938 4028802.682),324,10,-116.72,6,6,34.67,5.05,1944,34,12,45,-1.30E+07,4028803
POINT (-12989872.7085 4030145.5171),325,11,-116.69,6,6,35.8,5.24,1944,34.01,12,16,-1.30E+07,4030146
POINT (-13747958.6537 5041887.2752),326,19,-123.5,,5,54,5,1945,41.2,2,47,-1.40E+07,5041887
POINT (-13080041.5436 4450264.3518),327,3,-117.5,,6,13,5,1945,37.08,14,30,-1.30E+07,4450264
POINT (-12869647.6299 3916561.2391),328,17,-115.61,6,8,18.35,5.76,1945,33.16,15,56,-1.30E+07,3916561
POINT (-12920854.6046 3912572.6689),329,18,-116.07,6,1,21.19,5.3,1946,33.13,8,54,-1.30E+07,3912573
POINT (-13125682.5277 4264905.1832),330,13,-117.91,6,3,1.77,5.44,1946,35.74,15,21,-1.30E+07,4264905
POINT (-13124569.3322 4260791.5263),331,13,-117.9,6,3,36.84,6,1946,35.71,15,49,-1.30E+07,4260792
POINT (-13098965.845 4260791.5283),332,14,-117.67,6,3,36.69,5.19,1946,35.71,15,,-1.30E+07,4260792
POINT (-13117890.1615 4259420.652),333,19,-117.84,6,3,54.52,5.44,1946,35.7,15,18,-1.30E+07,4259421
POINT (-13142380.4537 4259420.65),334,21,-118.06,6,3,35.39,5.04,1946,35.7,15,54,-1.30E+07,4259421
POINT (-13124569.3629 4621893.6147),335,14,-117.9,,3,53,5,1946,38.3,17,45,-1.30E+07,4621894
POINT (-13115663.772 4269020.3913),336,15,-117.82,6,3,42.93,5.23,1946,35.77,18,50,-1.30E+07,4269020
POINT (-13525319.6272 4938869.9345),337,6,-121.5,,7,15,5,1946,40.5,7,55,-1.40E+07,4938870
POINT (-12913062.2509 4096139.7135),338,14,-116,6,7,59.42,5.48,1946,34.5,18,27,-1.30E+07,4096140
POINT (-13430697.9875 4332316.0165),339,6,-120.65,,2,,5,1947,36.23,5,14,-1.30E+07,4332316
POINT (-12965382.4256 4163881.8254),340,15,-116.47,6,4,4.63,6.5,1947,35,10,58,-1.30E+07,4163882
POINT (-12980967.1572 4165240.8676),341,16,-116.61,6,4,59.29,5.02,1947,35.01,10,2,-1.30E+07,4165241
POINT (-13881542.0484 4924241.3045),342,20,-124.7,,5,,5.2,1947,40.4,27,59,-1.40E+07,4924241
POINT (-12966495.6116 4031488.5118),343,22,-116.48,6,7,46.93,5.3,1947,34.02,24,10,-1.30E+07,4031489
POINT (-12959816.4412 4035518.4413),344,6,-116.42,6,7,49.56,5.23,1947,34.05,25,19,-1.30E+07,4035518
POINT (-13937201.8016 4924241.2983),345,13,-125.2,,9,55,5.3,1947,40.4,23,52,-1.40E+07,4924241
POINT (-13303793.7174 3909914.3575),346,21,-119.51,6,11,4.75,5,1947,33.11,18,59,-1.30E+07,3909914
POINT (-13203606.1543 3826484.9324),347,8,-118.61,6,2,10.24,5.21,1948,32.48,24,15,-1.30E+07,3826485
POINT (-13881542.0502 4938869.8951),348,19,-124.7,,8,57,5,1948,40.5,18,11,-1.40E+07,4938870
POINT (-12938665.7338 4028802.6856),349,23,-116.23,,12,14.75,6,1948,34,4,43,-1.30E+07,4028803
POINT (-13367245.9106 4800764.1288),350,12,-120.08,,12,28,6,1948,39.55,29,53,-1.30E+07,4800764
POINT (-13107871.4211 4450264.3493),351,21,-117.75,,2,24,5.6,1949,37.08,11,5,-1.30E+07,4450264
POINT (-13523093.1884 4441895.5785),352,12,-121.48,,3,39,5.2,1949,37.02,9,28,-1.40E+07,4441896
POINT (-14026257.4212 5056693.5273),353,20,-126,,3,56,6.2,1949,41.3,24,56,-1.40E+07,5056694
POINT (-12876326.8077 4027460.0129),354,11,-115.67,6,5,46.31,5.71,1949,33.99,2,25,-1.30E+07,4027460
POINT (-12983193.5226 3781702.4781),355,20,-116.63,6,11,38.53,5.66,1949,32.14,4,42,-1.30E+07,3781702
POINT (-13521980.0411 4931552.9185),356,15,-121.47,,3,17,5.5,1950,40.45,20,22,-1.40E+07,4931553
POINT (-12857402.4833 3908585.4688),357,17,-115.5,6,7,47.05,5.32,1950,33.1,28,50,-1.30E+07,3908585
POINT (-12876326.8003 3911243.4524),358,14,-115.67,6,7,32.01,5.41,1950,33.12,29,36,-1.30E+07,3911243
POINT (-13366132.7234 4877575.2469),359,13,-120.07,,12,19,5.6,1950,40.08,14,24,-1.30E+07,4877575
POINT (-12805082.3102 3860844.5823),360,7,-115.03,6,1,52.88,5.94,1951,32.74,24,16,-1.30E+07,3860845
POINT (-13948333.7532 4934479.024),361,19,-125.3,,4,8,5,1951,40.47,1,21,-1.40E+07,4934479
POINT (-13489697.3308 4380725.4557),362,10,-121.18,,7,45,5,1951,36.58,29,53,-1.30E+07,4380725
POINT (-13859278.1449 4902339.0991),363,4,-124.5,,10,35,6,1951,40.25,8,10,-1.40E+07,4902339
POINT (-13167983.9149 3886016.9358),364,,-118.29,6,12,54.94,5.74,1951,32.93,26,46,-1.30E+07,3886017
POINT (-13200266.6201 4518858.7859),365,2,-118.58,,12,27,5.2,1951,37.57,28,49,-1.30E+07,4518859
POINT (-13333850.056 4782013.5352),366,15,-119.78,,5,32,5.1,1952,39.42,9,31,-1.30E+07,4782014
POINT (-13249247.1752 4161164.2161),367,11,-119.02,6,7,14.27,7.5,1952,34.98,21,52,-1.30E+07,4161164
POINT (-13254813.1509 4163881.8042),368,12,-119.07,6,7,31.07,6.3,1952,35,21,5,-1.30E+07,4163882
POINT (-13226983.2738 4166600.059),369,12,-118.82,6,7,36.02,5.19,1952,35.02,21,19,-1.30E+07,4166600
POINT (-13189134.6415 4177479.7293),370,12,-118.48,6,7,1.77,5.18,1952,35.1,21,22,-1.30E+07,4177480
POINT (-13228096.4703 4185646.4846),371,19,-118.83,6,7,21.9,5.23,1952,35.16,21,41,-1.30E+07,4185646
POINT (-13200266.5953 4217008.3755),372,,-118.58,6,7,32.05,5.7,1952,35.39,23,38,-1.30E+07,4217008
POINT (-13204719.3756 4215642.9598),373,3,-118.62,6,7,22.36,5.07,1952,35.38,23,19,-1.30E+07,4215643
POINT (-13225870.0785 4163881.8063),374,7,-118.81,6,7,18.11,5.56,1952,35,23,53,-1.30E+07,4163882
POINT (-13224756.8854 4189732.1226),375,13,-118.8,6,7,5.43,5.8,1952,35.19,23,17,-1.30E+07,4189732
POINT (-13238115.2241 4158447.292),376,18,-118.92,14.5,7,50.76,5.11,1952,34.96,23,13,-1.30E+07,4158447
POINT (-13192474.2293 4211547.7296),377,19,-118.51,,7,44.23,5.8,1952,35.35,25,9,-1.30E+07,4211548
POINT (-13190247.8388 4207454.0192),378,19,-118.49,,7,22.91,6,1952,35.32,25,43,-1.30E+07,4207454
POINT (-13232549.2527 4212912.6345),379,7,-118.87,6,7,46.4,6.3,1952,35.36,29,3,-1.30E+07,4212913
POINT (-13228096.4728 4218373.9583),380,8,-118.83,6,7,46.01,5.18,1952,35.4,29,1,-1.30E+07,4218374
POINT (-13190247.8382 4200634.5416),381,12,-118.49,6,7,9.37,5.5,1952,35.27,31,9,-1.30E+07,4200635
POINT (-13258152.7367 4170678.683),382,16,-119.1,6,8,50.65,5.03,1952,35.05,7,31,-1.30E+07,4170679
POINT (-13240341.6182 4211547.7259),383,22,-118.94,1,8,23.19,5.51,1952,35.35,22,41,-1.30E+07,4211548
POINT (-13850372.5835 4895049.1572),384,11,-124.42,,9,25,5.2,1952,40.2,22,41,-1.40E+07,4895049
POINT (-13499716.0773 4267648.4529),385,7,-121.27,6,11,37.13,6.2,1952,35.76,22,46,-1.30E+07,4267648
POINT (-13356113.9492 4695921.5537),386,5,-119.98,,3,,5,1953,38.82,22,19,-1.30E+07,4695922
POINT (-12861855.2611 3864815.5871),387,4,-115.54,6,6,25.94,5.5,1953,32.77,14,17,-1.30E+07,3864816
POINT (-13356113.9594 4797877.1395),388,3,-119.98,,9,29,5.3,1953,39.53,26,34,-1.30E+07,4797877
POINT (-13253699.9556 4162522.9269),389,23,-119.06,4.1,1,48.65,5.7,1954,34.99,12,33,-1.30E+07,4162523
POINT (-12841817.7459 3809342.3878),390,4,-115.36,6,2,59.92,5.48,1954,32.35,1,31,-1.30E+07,3809342
POINT (-12920854.6059 3933860.8225),391,9,-116.07,6,3,27.99,6.4,1954,33.29,19,54,-1.30E+07,3933861
POINT (-12923080.9954 3921881.4483),392,10,-116.09,6,3,16.29,5.48,1954,33.2,19,21,-1.30E+07,3921881
POINT (-13537564.723 4425177.9064),393,20,-121.61,,4,28,5.6,1954,36.9,25,33,-1.40E+07,4425178
POINT (-13247020.785 4161164.2162),394,23,-119,14.8,5,43.07,5.03,1954,34.98,23,52,-1.30E+07,4161164
POINT (-13194700.6695 4782013.5493),395,11,-118.53,,7,20,6.6,1954,39.42,6,13,-1.30E+07,4782014
POINT (-13194700.6695 4782013.5493),396,11,-118.53,,7,,5.7,1954,39.42,6,49,-1.30E+07,4782014
POINT (-13194700.6695 4782013.5493),397,13,-118.53,,7,11,5.2,1954,39.42,6,15,-1.30E+07,4782014
POINT (-13191361.0824 4764736.3216),398,22,-118.5,,7,41,6.4,1954,39.3,6,7,-1.30E+07,4764736
POINT (-13191361.0824 4764736.3216),399,19,-118.5,,7,57,5.3,1954,39.3,8,31,-1.30E+07,4764736
POINT (-13191361.0824 4764736.3216),400,16,-118.5,,7,25,5.1,1954,39.3,12,5,-1.30E+07,4764736
POINT (-13191361.0824 4764736.3216),401,2,-118.5,,7,10,5.1,1954,39.3,30,,-1.30E+07,4764736
POINT (-13191361.0824 4764736.3216),402,10,-118.5,,8,53,5.4,1954,39.3,2,18,-1.30E+07,4764736
POINT (-13185795.1109 4805096.1937),403,5,-118.45,,8,32,6.8,1954,39.58,24,51,-1.30E+07,4805096
POINT (-13191361.0852 4793548.2295),404,5,-118.5,,8,46,5.2,1954,39.5,24,57,-1.30E+07,4793548
POINT (-13157965.2338 4807985.2694),405,22,-118.2,,8,32,6.3,1954,39.6,31,20,-1.30E+07,4807985
POINT (-13157965.2338 4807985.2694),406,5,-118.2,,9,46,5.5,1954,39.6,1,18,-1.30E+07,4807985
POINT (-13985069.1869 4905256.57),407,11,-125.63,,11,35,6.5,1954,40.27,25,16,-1.40E+07,4905257
POINT (-13157965.2297 4767613.8032),408,11,-118.2,,12,13,7.1,1954,39.32,16,7,-1.30E+07,4767614
POINT (-13135701.3304 4793548.2351),409,11,-118,,12,29,6.8,1954,39.5,16,11,-1.30E+07,4793548
POINT (-13135701.3304 4793548.2351),410,11,-118,,12,36,5,1954,39.5,16,50,-1.30E+07,4793548
POINT (-13135701.3304 4793548.2351),411,11,-118,,12,30,5,1954,39.5,16,57,-1.30E+07,4793548
POINT (-13157965.2297 4767613.8032),412,13,-118.2,,12,3,5,1954,39.32,16,15,-1.30E+07,4767614
POINT (-13157965.2324 4793548.2328),413,14,-118.2,,12,57,5.8,1954,39.5,16,16,-1.30E+07,4793548
POINT (-13135701.3304 4793548.2351),414,14,-118,,12,10,5.3,1954,39.5,16,24,-1.30E+07,4793548
POINT (-13157965.2324 4793548.2328),415,15,-118.2,,12,42,5.1,1954,39.5,16,9,-1.30E+07,4793548
POINT (-13135701.3304 4793548.2351),416,20,-118,,12,6,5,1954,39.5,17,27,-1.30E+07,4793548
POINT (-13135701.3377 4865943.068),417,17,-118,,12,47,5,1954,40,20,36,-1.30E+07,4865943
POINT (-13779128.1112 5002022.8959),418,19,-123.78,,12,29,6.6,1954,40.93,21,56,-1.40E+07,5002023
POINT (-13135701.3233 4721672.3362),419,12,-118,,1,54,5.1,1955,39,1,13,-1.30E+07,4721672
POINT (-13135701.3233 4721672.3362),420,9,-118,,1,50,5,1955,39,9,10,-1.30E+07,4721672
POINT (-13163531.2003 4717376.0007),421,19,-118.25,,6,,5.2,1955,38.97,19,20,-1.30E+07,4717376
POINT (-13191361.0781 4721672.3307),422,19,-118.5,,6,16,5,1955,39,19,25,-1.30E+07,4721672
POINT (-13210285.3857 4626149.948),423,10,-118.67,,8,35,5.2,1955,38.33,8,35,-1.30E+07,4626150
POINT (-13556489.0451 4490806.9557),424,2,-121.78,,9,18,5.5,1955,37.37,5,1,-1.40E+07,4490807
POINT (-13586545.3198 4575189.3823),425,4,-122.05,,10,44,5.4,1955,37.97,24,10,-1.40E+07,4575189
POINT (-13460754.2522 4300622.038),426,19,-120.92,,11,6,5.2,1955,36,2,40,-1.30E+07,4300622
POINT (-13144606.89 4782013.5543),427,20,-118.08,,11,33,5.5,1955,39.42,21,25,-1.30E+07,4782014
POINT (-12855176.0919 3889996.4752),428,6,-115.48,6,12,28.18,5.26,1955,32.96,17,7,-1.30E+07,3889996
POINT (-13185795.1106 4800764.1473),429,9,-118.45,,7,17,5.1,1956,39.55,26,53,-1.30E+07,4800764
POINT (-14000653.9243 4963788.627),430,16,-125.77,,10,50,6,1956,40.67,11,48,-1.40E+07,4963789
POINT (-13410660.4729 4293744.2972),431,3,-120.47,,11,9,5,1956,35.95,16,23,-1.30E+07,4293744
POINT (-13239228.4571 4614803.6109),432,17,-118.93,,12,45,5,1956,38.25,31,37,-1.30E+07,4614804
POINT (-13243681.2379 4619057.0204),433,17,-118.97,,12,24,5.1,1956,38.28,31,39,-1.30E+07,4619057
POINT (-13634412.7041 4532912.8845),434,19,-122.48,8.5,3,21,5.3,1957,37.67,22,44,-1.40E+07,4532913
POINT (-12880779.5806 3909914.3841),435,21,-115.71,6,4,37.7,5.18,1957,33.11,25,57,-1.30E+07,3909914
POINT (-12879666.3857 3912572.6716),436,22,-115.7,6,4,10.54,5.19,1957,33.13,25,24,-1.30E+07,3912573
POINT (-12884119.1587 3786962.3052),437,3,-115.74,6,12,17.09,5.77,1958,32.18,1,21,-1.30E+07,3786962
POINT (-12898590.6941 3771189.7552),438,6,-115.87,6,12,29.61,5.4,1958,32.06,1,2,-1.30E+07,3771190
POINT (-13536451.5288 4436320.0921),439,23,-121.6,30,3,17,5.3,1959,36.98,2,27,-1.40E+07,4436320
POINT (-13137927.7219 4807985.2715),440,7,-118.02,,3,20,6.3,1959,39.6,23,10,-1.30E+07,4807985
POINT (-13380604.2542 4825337.2349),441,18,-120.2,,4,30,5.6,1959,39.72,1,18,-1.30E+07,4825337
POINT (-13224756.9324 4736006.6111),443,15,-118.8,,6,34,5.5,1959,39.1,23,4,-1.30E+07,4736007
POINT (-13948333.7643 5031536.3099),444,1,-125.3,,7,9,5.8,1959,41.13,24,23,-1.40E+07,5031536
POINT (-13196927.0322 4488005.9277),445,7,-118.55,,8,59,5.2,1959,37.35,4,36,-1.30E+07,4488006
POINT (-13961692.0913 4909634.4181),446,8,-125.42,,12,42,5.1,1959,40.3,5,13,-1.40E+07,4909634
POINT (-13517527.2102 4408486.5057),447,3,-121.43,,1,53,5,1960,36.78,20,25,-1.40E+07,4408487
POINT (-13216964.5459 4511838.7926),448,7,-118.73,,6,7,5.2,1960,37.52,5,47,-1.30E+07,4511839
POINT (-13901579.5665 4985828.5723),449,1,-124.88,,6,48,5.7,1960,40.82,6,17,-1.40E+07,4985829
POINT (-13920503.8946 5089347.5029),450,10,-125.05,61,12,26,5.4,1960,41.52,27,35,-1.40E+07,5089348
POINT (-13141267.2591 4266276.7454),451,8,-118.05,6,1,46.08,5.05,1961,35.75,28,12,-1.30E+07,4266277
POINT (-13205832.5941 4502018.7027),452,,-118.63,,2,16,5.3,1961,37.45,2,4,-1.30E+07,4502019
POINT (-13210285.3741 4497812.9055),453,,-118.67,,2,42,5.1,1961,37.42,2,7,-1.30E+07,4497813
POINT (-13887108.0203 4892134.6815),454,4,-124.75,,4,45,5.1,1961,40.18,6,4,-1.40E+07,4892135
POINT (-13503055.6729 4394596.9585),455,7,-121.3,,4,16,5.5,1961,36.68,9,23,-1.40E+07,4394597
POINT (-13503055.6732 4397373.4218),456,7,-121.3,,4,41,5.5,1961,36.7,9,25,-1.40E+07,4397373
POINT (-13180229.1556 4997603.6634),457,4,-118.4,,7,,5.4,1961,40.9,4,56,-1.30E+07,4997604
POINT (-13202493.0456 4884852.3321),458,11,-118.6,,7,11,5,1961,40.13,4,9,-1.30E+07,4884852
POINT (-13113437.383 4282748.9755),459,5,-117.8,4.3,10,44.39,5.13,1961,35.87,19,9,-1.30E+07,4282749
POINT (-13297114.6015 4610551.9508),460,15,-119.45,6,4,51.9,5.1,1962,38.22,13,38,-1.30E+07,4610552
POINT (-13950560.1402 4905256.5739),461,7,-125.32,,4,14.7,5.4,1962,40.27,14,53,-1.40E+07,4905257
POINT (-13727921.1092 4731704.144),462,17,-123.32,5,6,6.2,5.2,1962,39.07,6,50,-1.40E+07,4731704
POINT (-13972824.044 4928627.5866),463,19,-125.52,30,7,46.2,5.1,1962,40.43,14,43,-1.40E+07,4928628
POINT (-13840353.8558 5138537.3392),464,19,-124.33,2,8,13.1,5.6,1962,41.85,23,29,-1.40E+07,5138537
POINT (-13539791.1128 4421002.5991),465,19,-121.63,,9,17,5.4,1963,36.87,14,46,-1.40E+07,4421003
POINT (-13026608.1438 3983239.8361),466,14,-117.02,1.8,9,53.03,5.29,1963,33.66,23,41,-1.30E+07,3983240
POINT (-13224756.9268 4678790.5444),467,16,-118.8,,3,55.9,5.5,1964,38.7,22,30,-1.30E+07,4678791
POINT (-13146833.2701 4678790.5519),468,13,-118.1,,10,5,5.3,1964,38.7,23,57,-1.30E+07,4678791
POINT (-13546470.2856 4447473.9978),469,2,-121.69,,11,41.7,5,1964,37.06,16,46,-1.40E+07,4447474
POINT (-14003993.5067 4938869.8814),470,4,-125.8,33,9,8,5,1965,40.5,16,10,-1.40E+07,4938870
POINT (-12959816.4472 4123187.3843),471,17,-116.42,6,9,43.48,5.15,1965,34.7,25,43,-1.30E+07,4123187
POINT (-13388396.5698 4274509.7285),472,4,-120.27,6,6,16.1,6,1966,35.81,28,26,-1.30E+07,4274510
POINT (-13375038.2743 4782013.5311),473,16,-120.15,,9,1.9,6,1966,39.42,12,41,-1.30E+07,4782014
POINT (-13375038.2743 4782013.5311),474,17,-120.15,,9,11,5.3,1966,39.42,12,20,-1.30E+07,4782014
POINT (-13881542.0502 4938869.8951),475,12,-124.7,,12,52.2,5.6,1967,40.5,10,6,-1.40E+07,4938870
POINT (-13556489.0405 4439107.4664),476,17,-121.78,,12,32,5.3,1967,37,18,24,-1.40E+07,4439107
POINT (-12923080.9951 3917891.0613),477,2,-116.09,15,4,58.65,6.6,1968,33.17,9,28,-1.30E+07,3917891
POINT (-12917515.0191 3909914.3818),478,3,-116.04,5,4,53.5,5.2,1968,33.11,9,3,-1.30E+07,3909914
POINT (-12924194.1897 3908585.4647),479,7,-116.1,6,4,51.92,5.08,1968,33.1,9,3,-1.30E+07,3908585
POINT (-13833674.658 4899422.479),480,1,-124.27,,6,20.8,5.4,1968,40.23,26,42,-1.40E+07,4899422
POINT (-13322718.0432 4050307.0407),481,,-119.68,4.8,7,17.94,5.04,1968,34.16,5,45,-1.30E+07,4050307
POINT (-12954250.4585 3925873.2008),482,23,-116.37,6,4,45.24,5.47,1969,33.23,28,20,-1.30E+07,3925873
POINT (-13657789.8112 4646036.1756),483,4,-122.69,,10,46.5,5.6,1969,38.47,2,56,-1.40E+07,4646036
POINT (-13657789.8111 4644614.4492),484,6,-122.69,,10,57.1,5.7,1969,38.46,2,19,-1.40E+07,4644614
POINT (-13510848.0138 4075896.4836),485,22,-121.37,6,10,32.14,5.11,1969,34.35,22,51,-1.40E+07,4075896
POINT (-13525319.5527 4116419.3139),486,17,-121.5,6,11,8.06,5.46,1969,34.65,5,54,-1.40E+07,4116419
POINT (-13083381.0993 4065114.9606),487,14,-117.53,7.6,9,52.92,5.22,1970,34.27,12,30,-1.30E+07,4065115
POINT (-13923843.4565 4884852.2547),488,21,-125.08,,9,21,5.4,1970,40.13,13,10,-1.40E+07,4884852
POINT (-13176889.4887 4085338.8085),489,14,-118.37,8.9,2,41.92,6.6,1971,34.42,9,,-1.30E+07,4085339
POINT (-13176889.4887 4085338.8085),490,14,-118.37,6,2,12.45,5.8,1971,34.42,9,1,-1.30E+07,4085339
POINT (-13176889.4887 4085338.8085),491,14,-118.37,6,2,45.74,5.8,1971,34.42,9,2,-1.30E+07,4085339
POINT (-13176889.4887 4085338.8085),492,14,-118.37,6,2,29.04,5.3,1971,34.42,9,10,-1.30E+07,4085339
POINT (-13896013.5822 4905256.5799),493,,-124.83,,2,37.7,5.2,1971,40.27,27,31,-1.40E+07,4905257
POINT (-12891911.531 3897959.5691),494,22,-115.81,6,9,11.41,5.01,1971,33.02,30,46,-1.30E+07,3897960
POINT (-13493036.9161 4380725.4555),495,15,-121.21,7.5,2,51,5.1,1972,36.58,24,56,-1.30E+07,4380725
POINT (-13942767.7813 4963788.6335),496,9,-125.25,,3,42,5.2,1972,40.67,1,28,-1.40E+07,4963789
POINT (-13252586.751 4027459.9874),497,14,-119.05,10,2,56.46,5.9,1973,33.99,21,45,-1.30E+07,4027460
POINT (-13299340.9444 4022090.8559),498,23,-119.47,15,8,16.63,5.14,1973,33.95,6,29,-1.30E+07,4022091
POINT (-13829221.8782 4903797.737),499,2,-124.23,2,8,25.8,5.1,1973,40.26,9,18,-1.40E+07,4903798
POINT (-13870410.1014 4956453.0203),500,19,-124.6,30,12,43.5,5.2,1973,40.62,21,12,-1.40E+07,4956453
POINT (-13965031.7033 5143021.6782),501,11,-125.45,33,3,36.8,5.1,1974,41.88,3,37,-1.40E+07,5143022
POINT (-13930522.6315 4927165.2766),502,5,-125.14,12,7,58.6,5.4,1974,40.42,3,,-1.40E+07,4927165
POINT (-13934975.411 4919856.9604),503,11,-125.18,1,7,57.5,5,1974,40.37,13,9,-1.40E+07,4919857
POINT (-13521979.9922 4427962.3579),504,23,-121.47,6.1,11,24.56,5.37,1974,36.92,28,1,-1.40E+07,4427962
POINT (-13965031.6782 4925703.1754),505,13,-125.45,10,1,16.4,5,1975,40.41,28,53,-1.40E+07,4925703
POINT (-12967608.8112 4097490.5488),506,1,-116.49,0.1,6,48.74,5.28,1975,34.51,1,38,-1.30E+07,4097491
POINT (-13834787.8581 4944727.4407),507,8,-124.28,23.6,6,23.51,5.31,1975,40.54,7,46,-1.40E+07,4944727
POINT (-13531998.7812 4783454.6254),508,20,-121.56,8.4,8,4.72,6.1,1975,39.43,1,20,-1.40E+07,4783455
POINT (-13408434.0883 4362719.3376),509,6,-120.45,18.8,8,17.66,5.23,1975,36.45,3,35,-1.30E+07,4362719
POINT (-13419566.0341 4300622.0412),510,21,-120.55,11.2,9,58.99,5.07,1975,36,13,20,-1.30E+07,4300622
POINT (-12870760.8248 3911243.4528),511,10,-115.62,4.6,11,37.78,5.06,1976,33.12,4,41,-1.30E+07,3911243
POINT (-13993974.7644 5055211.8822),512,11,-125.71,15,11,25.2,6.69,1976,41.29,26,19,-1.40E+07,5055212
POINT (-13408434.1514 5012342.4472),513,2,-120.45,5,11,47,5,1976,41,27,49,-1.30E+07,5012342
POINT (-12777252.4267 3760686.2238),514,12,-114.78,8,12,56.3,5.7,1976,31.98,7,59,-1.30E+07,3760686
POINT (-14020691.4544 5128081.9957),515,9,-125.95,15,12,58.4,5.5,1976,41.78,23,38,-1.40E+07,5128082
POINT (-13279303.4835 4647458.1355),516,6,-119.29,5,2,6.5,5,1977,38.48,22,24,-1.30E+07,4647458
POINT (-13721241.9437 4780572.592),517,21,-123.26,15.5,11,53.3,5.21,1977,39.41,22,15,-1.40E+07,4780573
POINT (-12836251.7696 3797488.8888),518,21,-115.31,10,5,15.77,5.03,1978,32.26,5,3,-1.30E+07,3797489
POINT (-13326057.6298 4070504.4361),519,22,-119.71,18,8,52.91,5.78,1978,34.31,13,54,-1.30E+07,4070504
POINT (-13337189.6326 4694492.8693),520,21,-119.81,14,9,52.5,5.2,1978,38.81,4,54,-1.30E+07,4694493
POINT (-13213624.9606 4511838.7929),521,16,-118.7,5,10,47.75,5.44,1978,37.52,4,42,-1.30E+07,4511839
POINT (-13999540.7292 4963788.6271),522,15,-125.76,26.1,10,50.2,5.33,1978,40.67,15,36,-1.40E+07,4963789
POINT (-13911598.3159 4931552.8755),523,19,-124.97,46,10,17.07,5.56,1978,40.45,15,55,-1.40E+07,4931553
POINT (-13933862.2177 4935942.4289),524,4,-125.17,56,10,5.81,5.53,1978,40.48,16,23,-1.40E+07,4935942
POINT (-14009559.4839 4956453.0046),525,6,-125.85,98.5,12,7.6,5.02,1978,40.62,3,48,-1.40E+07,4956453
POINT (-13211398.5323 4020748.9742),526,23,-118.68,11.3,1,38.94,5.2,1979,33.94,1,14,-1.30E+07,4020749
POINT (-13839240.6437 4993186.2938),527,9,-124.32,23.6,2,17.07,5.13,1979,40.87,3,58,-1.40E+07,4993186
POINT (-13366132.7224 4867396.3232),528,15,-120.07,17,2,28.1,5,1979,40.01,22,57,-1.30E+07,4867396
POINT (-12962042.834 4073200.1705),529,21,-116.44,2.5,3,16.53,5.51,1979,34.33,15,7,-1.30E+07,4073200
POINT (-13919390.6929 5033014.3426),530,6,-125.04,5,4,54.09,5.35,1979,41.14,7,18,-1.40E+07,5033014
POINT (-13927183.0522 4979946.3904),531,10,-125.11,45,8,51.52,5.86,1979,40.78,1,50,-1.40E+07,4979946
POINT (-13526432.7747 4453055.3628),532,17,-121.51,8.9,8,22.91,5.74,1979,37.1,6,5,-1.40E+07,4453055
POINT (-13285982.6506 4610551.9518),533,20,-119.35,11,10,41.5,5.2,1979,38.22,7,54,-1.30E+07,4610552
POINT (-12837364.9674 3843652.2981),534,23,-115.32,12.3,10,53.44,6.51,1979,32.61,15,16,-1.30E+07,3843652
POINT (-12850723.31 3864815.5878),535,23,-115.44,9.2,10,29.98,5.2,1979,32.77,15,19,-1.30E+07,3864816
POINT (-12861855.2624 3886016.9548),536,5,-115.54,10.4,10,10.18,5.1,1979,32.93,16,49,-1.30E+07,3886017
POINT (-12861855.2624 3886016.9548),537,6,-115.54,9.2,10,48.68,5.14,1979,32.93,16,19,-1.30E+07,3886017
POINT (-12864081.6532 3896632.0121),538,6,-115.56,9.1,10,42.79,5.61,1979,33.01,16,58,-1.30E+07,3896632
POINT (-13874862.8792 4933015.8471),539,15,-124.64,26.8,10,51.52,5.04,1979,40.46,24,23,-1.40E+07,4933016
POINT (-13555375.8559 4556848.4678),540,19,-121.77,14.7,1,8.63,5.81,1980,37.84,24,,-1.40E+07,4556848
POINT (-13556489.0506 4552620.5424),541,19,-121.78,7.1,1,1.53,5.1,1980,37.81,24,1,-1.40E+07,4552621
POINT (-13548696.6843 4544169.8424),542,2,-121.71,14.7,1,35.32,5.18,1980,37.75,27,33,-1.40E+07,4544170
POINT (-12974287.9729 3964531.0694),543,10,-116.55,6,2,38.7,5.1,1980,33.52,25,47,-1.30E+07,3964531
POINT (-13928296.2413 4925703.1794),544,14,-125.12,11.6,3,3.85,5.47,1980,40.41,3,17,-1.40E+07,4925703
POINT (-13228096.4977 4521668.0995),545,16,-118.83,9,5,44,6.19,1980,37.59,25,33,-1.30E+07,4521668
POINT (-13238115.2546 4532912.9204),546,16,-118.92,10.7,5,26.81,6,1980,37.67,25,49,-1.30E+07,4532913
POINT (-13226983.3017 4511838.7917),547,19,-118.82,17.2,5,50.24,5.88,1980,37.52,25,44,-1.30E+07,4511839
POINT (-13229209.6931 4525883.4893),548,20,-118.84,6.6,5,47.93,5.7,1980,37.62,25,35,-1.30E+07,4525883
POINT (-13226983.3027 4523073.0407),549,20,-118.82,16.5,5,22.37,5,1980,37.6,25,59,-1.30E+07,4523073
POINT (-13232549.2777 4517454.4079),550,12,-118.87,10.8,5,24.83,5.1,1980,37.56,26,24,-1.30E+07,4517454
POINT (-13233662.4722 4511838.7912),551,18,-118.88,4.4,5,55.52,5.7,1980,37.52,26,57,-1.30E+07,4511839
POINT (-13225870.1064 4509032.1124),552,14,-118.81,15.9,5,56.81,5.85,1980,37.5,27,50,-1.30E+07,4509032
POINT (-12799516.3307 3792224.4427),553,3,-114.98,5,6,18.9,6.33,1980,32.22,9,28,-1.30E+07,3792224
POINT (-13210285.3811 4576601.6008),554,7,-118.67,15,6,14.1,5,1980,37.98,29,46,-1.30E+07,4576602
POINT (-13233662.4728 4517454.4078),555,16,-118.88,6.8,8,55.88,5.21,1980,37.56,1,38,-1.30E+07,4517454
POINT (-13198040.2359 4586492.2807),556,1,-118.56,14,9,42.7,5.1,1980,38.05,7,30,-1.30E+07,4586492
POINT (-13200266.626 4583665.4081),557,4,-118.58,15,9,38.3,5.27,1980,38.03,7,36,-1.30E+07,4583665
POINT (-13871523.304 5022672.8691),558,10,-124.61,15.1,11,33.37,7.3,1980,41.07,8,27,-1.40E+07,5022673
POINT (-13885994.8263 4902339.0961),559,11,-124.74,15,11,38.7,5,1980,40.25,8,20,-1.40E+07,4902339
POINT (-13890447.6111 4943262.7217),560,23,-124.78,15,11,10.4,5,1980,40.53,8,7,-1.40E+07,4943263
POINT (-13952786.5341 4938869.8872),561,4,-125.34,15,11,8.8,5,1980,40.5,9,9,-1.40E+07,4938870
POINT (-13406207.735 4764736.3),562,18,-120.43,5,11,13.1,5.2,1980,39.3,28,21,-1.30E+07,4764736
POINT (-13887108.0389 5056693.5438),563,13,-124.75,3.2,12,31.65,5.5,1980,41.3,24,29,-1.40E+07,5056694
POINT (-13165757.5794 4599222.7791),564,22,-118.27,23,12,8.7,5,1980,38.14,28,58,-1.30E+07,4599223
POINT (-12870760.8245 3908585.468),565,12,-115.62,18.8,4,28.29,5.9,1981,33.1,26,9,-1.30E+07,3908585
POINT (-13260379.1129 3969873.3171),566,15,-119.12,6,9,48.7,5.84,1981,33.56,4,50,-1.30E+07,3969873
POINT (-13232549.278 4520263.3467),567,11,-118.87,5.6,9,26.17,5.6,1981,37.58,30,53,-1.30E+07,4520263
POINT (-13990635.1644 4924241.2923),568,12,-125.68,5,1,21.58,5.45,1982,40.4,13,26,-1.40E+07,4924241
POINT (-13930522.6423 5022672.8624),569,12,-125.14,9.2,2,2.38,5.49,1982,41.07,6,2,-1.40E+07,5022673
POINT (-13153512.4296 4558258.1951),570,7,-118.16,7.5,9,24.43,5.34,1982,37.85,24,40,-1.30E+07,4558258
POINT (-13108984.6012 4264905.1846),571,14,-117.76,3.8,10,1.7,5.12,1982,35.74,1,29,-1.30E+07,4264905
POINT (-13402868.1111 4340599.3232),572,22,-120.4,6,10,4.22,5.44,1982,36.29,25,26,-1.30E+07,4340599
POINT (-13234775.6689 4528694.6939),573,1,-118.89,7.9,1,10.36,5.35,1983,37.64,7,38,-1.30E+07,4528695
POINT (-13239228.4491 4527288.9964),574,3,-118.93,13,1,18.92,5.28,1983,37.63,7,24,-1.30E+07,4527289
POINT (-13393962.5498 4332316.0195),575,23,-120.32,10,5,38.13,6.34,1983,36.23,2,42,-1.30E+07,4332316
POINT (-13390622.9646 4332316.0198),576,23,-120.29,8,5,6,5.7,1983,36.23,2,46,-1.30E+07,4332316
POINT (-13391736.1598 4335076.4143),577,2,-120.3,13.2,5,11.53,5.2,1983,36.25,9,49,-1.30E+07,4335076
POINT (-13963918.484 4933015.837),578,6,-125.44,10,5,33.13,5.49,1983,40.46,29,55,-1.40E+07,4933016
POINT (-13409547.2813 4335076.4128),579,3,-120.46,7.3,6,52.67,5.44,1983,36.25,11,9,-1.30E+07,4335076
POINT (-13403981.3057 4333696.1277),580,7,-120.41,9.1,7,51.24,5.14,1983,36.24,9,40,-1.30E+07,4333696
POINT (-13400641.7207 4336456.8758),581,2,-120.38,9.2,7,54.78,5.68,1983,36.26,22,39,-1.30E+07,4336457
POINT (-13403981.3055 4330936.0862),582,22,-120.41,9.1,7,39.52,5.21,1983,36.22,25,31,-1.30E+07,4330936
POINT (-13906032.3394 4919856.9636),583,13,-124.92,11.9,8,28.87,6.15,1983,40.37,24,36,-1.40E+07,4919857
POINT (-13389509.7694 4330936.0873),584,9,-120.28,7.2,9,13.51,5.43,1983,36.22,9,16,-1.30E+07,4330936
POINT (-14002880.3102 4927165.2685),585,10,-125.79,9.5,12,0.9,5.89,1983,40.42,20,41,-1.40E+07,4927165
POINT (-13568734.179 4351653.6304),586,5,-121.89,8.2,1,19.93,5.12,1984,36.37,23,40,-1.40E+07,4351654
POINT (-13946107.3625 4928627.5896),587,15,-125.28,4,2,12.63,5.04,1984,40.43,28,16,-1.40E+07,4928628
POINT (-13545357.0935 4482406.0143),588,21,-121.68,8.5,4,18.76,6.15,1984,37.31,24,15,-1.40E+07,4482406
POINT (-13874862.877 4914014.2175),589,21,-124.64,20.7,8,54.44,5.33,1984,40.33,4,45,-1.40E+07,4914014
POINT (-13203606.2041 4503421.0099),590,18,-118.61,10.9,11,25.37,5.79,1984,37.46,23,8,-1.30E+07,4503421
POINT (-13203606.2036 4499214.651),591,19,-118.61,12.8,11,34.7,5.49,1984,37.43,23,12,-1.30E+07,4499215
POINT (-13208058.9843 4502018.7024),592,16,-118.65,9,11,40.83,5.12,1984,37.45,26,21,-1.30E+07,4502019
POINT (-13226983.3098 4602053.9036),593,11,-118.82,13.3,1,21.4,5,1985,38.16,24,27,-1.30E+07,4602054
POINT (-13363906.2816 4321281.4955),594,12,-120.05,6,8,56.03,6.08,1985,36.15,4,1,-1.30E+07,4321281
POINT (-13500829.2842 4411266.5899),595,19,-121.28,8.7,1,50.93,5.39,1986,36.8,26,20,-1.40E+07,4411267
POINT (-13953899.7483 5105716.1015),596,1,-125.35,10,2,57.25,5.3,1986,41.63,11,15,-1.40E+07,5105716
POINT (-13546470.2908 4506226.156),597,11,-121.69,9.2,3,39.8,5.61,1986,37.48,31,55,-1.40E+07,4506226
POINT (-12980967.1477 4028802.6827),598,9,-116.61,10.3,7,44.56,6.02,1986,34,8,20,-1.30E+07,4028803
POINT (-13121229.7214 3891323.2657),599,13,-117.87,6,7,8.21,5.81,1986,32.97,13,47,-1.30E+07,3891323
POINT (-13184681.8887 4518858.7872),600,14,-118.44,6.8,7,45.45,5.77,1986,37.57,20,29,-1.30E+07,4518859
POINT (-13184681.8883 4514646.2273),601,14,-118.44,10.6,7,26.01,6.22,1986,37.54,21,42,-1.30E+07,4514646
POINT (-13181342.3022 4504823.5065),602,14,-118.41,11.5,7,8.61,5.7,1986,37.47,21,51,-1.30E+07,4504824
POINT (-13179115.9137 4523073.0449),603,22,-118.39,3.1,7,16.36,5.38,1986,37.6,21,7,-1.30E+07,4523073
POINT (-13188021.4735 4513242.417),604,13,-118.47,12.2,7,59.17,5,1986,37.53,22,48,-1.30E+07,4513242
POINT (-13176889.5219 4504823.5069),605,7,-118.37,7.3,7,39.77,5.47,1986,37.47,31,22,-1.30E+07,4504824
POINT (-13180229.1076 4510435.3621),606,14,-118.4,9.5,8,18.15,5.1,1986,37.51,1,28,-1.30E+07,4510435
POINT (-13873749.6825 4919856.9672),607,23,-124.63,0.4,11,58.53,5.1,1986,40.37,21,32,-1.40E+07,4919857
POINT (-13848146.1959 4918395.9577),608,23,-124.4,16.1,11,18.99,5.1,1986,40.36,21,34,-1.40E+07,4918396
POINT (-12836251.7706 3814614.3944),609,3,-115.31,6,2,14.85,5.48,1987,32.39,7,45,-1.30E+07,3814614
POINT (-13436263.9599 4295119.4957),610,7,-120.7,6,2,53.42,5.2,1987,35.96,14,26,-1.30E+07,4295119
POINT (-13845919.8068 4927165.2859),611,23,-124.38,17.5,7,57.82,5.99,1987,40.42,31,56,-1.40E+07,4927165
POINT (-13144606.8277 4036862.0553),612,14,-118.08,9.5,10,20.02,5.89,1987,34.06,1,42,-1.30E+07,4036862
POINT (-13146833.2181 4038205.8402),613,10,-118.1,8.3,10,38.19,5.21,1987,34.07,4,59,-1.30E+07,4038206
POINT (-12889685.1413 3907256.7012),614,1,-115.79,10.8,11,14.66,6.04,1987,33.09,24,54,-1.30E+07,3907257
POINT (-12896364.3114 3897959.5688),615,13,-115.85,11.2,11,56.71,6.51,1987,33.02,24,15,-1.30E+07,3897960
POINT (-13504168.8695 4411266.5896),616,8,-121.31,9.6,2,57.24,5.03,1988,36.8,20,39,-1.40E+07,4411267
POINT (-13218077.7123 4155731.0316),617,23,-118.74,6.8,6,43.05,5.37,1988,34.94,10,6,-1.30E+07,4155731
POINT (-13552036.2649 4493608.7629),618,1,-121.74,9.7,6,36.52,5.01,1988,37.39,13,45,-1.40E+07,4493609
POINT (-13569847.3831 4457243.3154),619,18,-121.9,13.2,6,22.32,5.3,1988,37.13,27,43,-1.40E+07,4457243
POINT (-13173549.9493 4644614.4955),620,2,-118.34,9,9,31.77,5,1988,38.46,19,56,-1.30E+07,4644614
POINT (-13150172.8041 4048961.8372),621,11,-118.13,14.3,12,26.45,5.02,1988,34.15,3,38,-1.30E+07,4048962
POINT (-12988759.5132 4026117.4864),622,5,-116.68,8.1,12,4,5.03,1988,33.98,16,53,-1.30E+07,4026117
POINT (-13573186.9685 4460036.2084),623,8,-121.93,14,8,27.39,5.4,1989,37.15,8,13,-1.40E+07,4460036
POINT (-13875976.0719 4912554.0712),624,17,-124.65,16.9,9,18.4,5.13,1989,40.32,21,41,-1.40E+07,4912554
POINT (-13567620.9917 4444684.4179),625,,-121.88,17.3,10,15.2,6.89,1989,37.04,18,4,-1.40E+07,4444684
POINT (-13586545.3099 4465624.211),626,,-122.05,15.8,10,23.77,5.1,1989,37.19,18,41,-1.40E+07,4465624
POINT (-13838127.4383 4899422.4784),627,20,-124.31,13,1,21.37,5.46,1990,40.23,16,8,-1.40E+07,4899422
POINT (-13102305.4148 4047616.7843),628,23,-117.7,4.5,2,36.75,5.67,1990,34.14,28,43,-1.30E+07,4047617
POINT (-13543130.6987 4429354.855),629,13,-121.66,5.6,4,51.3,5.4,1990,36.93,18,53,-1.40E+07,4429355
POINT (-13545357.0892 4433533.448),630,15,-121.68,6.8,4,3.45,5.1,1990,36.96,18,46,-1.40E+07,4433533
POINT (-13261492.3563 4586492.2747),631,6,-119.13,12.6,10,19.51,5.31,1990,38.05,24,15,-1.30E+07,4586492
POINT (-13134588.0738 4065114.957),632,14,-117.99,9.2,6,54.66,5.64,1991,34.27,28,43,-1.30E+07,4065115
POINT (-13961692.0927 4922779.6326),633,,-125.42,5,8,3.2,5.17,1991,40.39,3,49,-1.40E+07,4922780
POINT (-13958352.5298 5116147.0292),634,22,-125.39,10,8,17.21,6.27,1991,41.7,16,26,-1.40E+07,5116147
POINT (-13830335.0737 4906715.653),635,19,-124.24,9.6,8,40.55,6.12,1991,40.28,17,29,-1.40E+07,4906716
POINT (-13959465.727 5134055.0735),636,22,-125.4,13.5,8,14.68,7.03,1991,41.82,17,17,-1.40E+07,5134055
POINT (-13519753.5893 4274509.718),637,21,-121.45,6,9,28.16,5.01,1991,35.81,17,10,-1.40E+07,4274510
POINT (-13829221.8782 4903797.737),638,3,-124.23,11.1,3,4.44,5.45,1992,40.26,8,43,-1.40E+07,4903798
POINT (-12948684.4893 4023432.9251),639,4,-116.32,12.3,4,23.23,6.15,1992,33.96,23,50,-1.30E+07,4023433
POINT (-13829221.8793 4914014.2225),640,18,-124.23,10.2,4,5.19,7.15,1992,40.33,25,6,-1.40E+07,4914014
POINT (-13867070.5132 4928627.5984),641,7,-124.57,19.5,4,40.08,6.45,1992,40.43,26,41,-1.40E+07,4928628
POINT (-13896013.5846 4927165.2804),642,11,-124.83,14.2,4,23.01,6.6,1992,40.42,26,18,-1.40E+07,4927165
POINT (-13849259.3902 4911094.1442),643,21,-124.41,20.3,6,43.07,5.17,1992,40.31,5,46,-1.40E+07,4911094
POINT (-12962042.8327 4055689.5215),644,11,-116.44,1,6,34.13,7.29,1992,34.2,28,57,-1.30E+07,4055690
POINT (-12958703.2467 4046271.8971),645,12,-116.41,,6,44,5.77,1992,34.13,28,,-1.30E+07,4046272
POINT (-12948684.4908 4044927.1598),646,12,-116.32,6,6,16.19,5.7,1992,34.12,28,1,-1.30E+07,4044927
POINT (-12965382.4168 4036862.0675),647,12,-116.47,6,6,16.96,5,1992,34.06,28,2,-1.30E+07,4036862
POINT (-12959816.4417 4042238.1601),648,12,-116.42,6,6,31.08,5,1992,34.1,28,2,-1.30E+07,4042238
POINT (-12960929.6369 4044927.1589),649,12,-116.43,8.3,6,40.77,5.49,1992,34.12,28,36,-1.30E+07,4044927
POINT (-12969835.1998 4074548.2655),650,12,-116.51,6,6,53.57,5.41,1992,34.34,28,40,-1.30E+07,4074548
POINT (-13007683.8316 4050307.0625),651,14,-116.85,11.1,6,21.85,5.53,1992,34.16,28,43,-1.30E+07,4050307
POINT (-13005457.4417 4055689.5187),652,15,-116.83,5.4,6,30.73,6.49,1992,34.2,28,5,-1.30E+07,4055690
POINT (-13014363.0031 4063767.9929),653,17,-116.91,7.7,6,57.56,5.26,1992,34.26,28,5,-1.30E+07,4063768
POINT (-12931986.5898 4389046.2444),654,10,-116.17,13.1,6,20.06,5.73,1992,36.64,29,14,-1.30E+07,4389046
POINT (-12957590.0514 4042238.1602),655,14,-116.4,10.3,6,37.73,5.69,1992,34.1,29,8,-1.30E+07,4042238
POINT (-12956476.8563 4042238.1603),656,14,-116.39,11.7,6,38.77,5.38,1992,34.1,29,13,-1.30E+07,4042238
POINT (-12943118.513 4011360.1871),657,16,-116.27,1.1,6,42.79,5.46,1992,33.87,29,1,-1.30E+07,4011360
POINT (-12953137.2701 4028802.6846),658,14,-116.36,1.9,6,11.72,5.13,1992,34,30,38,-1.30E+07,4028803
POINT (-12964269.2242 4073200.1704),659,7,-116.46,6,7,29.9,5.34,1992,34.33,1,40,-1.30E+07,4073200
POINT (-12948684.495 4106950.9674),660,21,-116.32,6,7,27.6,5.42,1992,34.58,5,18,-1.30E+07,4106951
POINT (-13006570.6372 4061074.5289),661,1,-116.84,,7,57.61,5.29,1992,34.24,9,43,-1.30E+07,4061075
POINT (-13143493.6437 4192456.7253),662,18,-118.07,10.7,7,16.16,5.67,1992,35.21,11,14,-1.30E+07,4192457
POINT (-13008797.0271 4055689.5184),663,20,-116.86,11.3,8,52.12,5.23,1992,34.2,17,41,-1.30E+07,4055690
POINT (-12953137.2707 4036862.0682),664,8,-116.36,8.3,9,11.29,5.19,1992,34.06,15,47,-1.30E+07,4036862
POINT (-13013249.8087 4074548.2624),665,16,-116.9,1.4,11,57.49,5.29,1992,34.34,27,,-1.30E+07,4074548
POINT (-13013249.809 4078593.5137),666,2,-116.9,3,12,57.5,5.2,1992,34.37,4,8,-1.30E+07,4078594
POINT (-13116776.9831 4464226.9738),667,23,-117.83,9.1,5,50.1,6.11,1993,37.18,17,20,-1.30E+07,4464227
POINT (-13112324.2021 4457243.3553),668,14,-117.79,8.1,5,23.41,5.01,1993,37.13,19,13,-1.30E+07,4457243
POINT (-13258152.7376 4184284.9379),669,4,-119.1,21.4,5,40.6,5.19,1993,35.15,28,47,-1.30E+07,4184285
POINT (-12948684.4899 4032831.6644),670,1,-116.32,9.1,8,38.4,5,1993,34.03,21,46,-1.30E+07,4032832
POINT (-13584318.9975 5209035.8687),671,3,-122.03,10.3,9,55.63,5.96,1993,42.32,21,28,-1.40E+07,5209036
POINT (-13587658.5835 5215059.9688),672,5,-122.06,10.3,9,35.23,5.94,1993,42.36,21,45,-1.40E+07,5215060
POINT (-13582092.6068 5204520.3062),673,22,-122.01,6.5,12,19.72,5.41,1993,42.29,4,15,-1.40E+07,5204520
POINT (-13195813.8034 4057035.5183),674,12,-118.54,18.4,1,55.39,6.65,1994,34.21,17,30,-1.30E+07,4057036
POINT (-13190247.8285 4065114.9531),675,12,-118.49,6,1,58.12,5.89,1994,34.27,17,31,-1.30E+07,4065115
POINT (-13203606.1702 4074548.2491),676,12,-118.61,6,1,36.12,5.2,1994,34.34,17,40,-1.30E+07,4074548
POINT (-13213624.926 4073200.1529),677,23,-118.7,9.8,1,30.69,5.83,1994,34.33,17,33,-1.30E+07,4073200
POINT (-13213624.9265 4079942.2386),678,,-118.7,11.3,1,8.89,5.24,1994,34.38,18,43,-1.30E+07,4079942
POINT (-13214738.1216 4079942.2386),679,21,-118.71,14.4,1,28.61,5.26,1994,34.38,19,9,-1.30E+07,4079942
POINT (-13204719.3657 4079942.2392),680,21,-118.62,11.3,1,44.9,5.07,1994,34.38,19,11,-1.30E+07,4079942
POINT (-13200266.5847 4070504.4449),681,11,-118.58,1.1,1,35.97,5.06,1994,34.31,29,20,-1.30E+07,4070504
POINT (-13188021.438 4059728.0239),682,21,-118.47,13.1,3,12.26,5.29,1994,34.23,20,20,-1.30E+07,4059728
POINT (-13990635.1644 4924241.2923),683,15,-125.68,10,9,53.08,7,1994,40.4,1,15,-1.40E+07,4924241
POINT (-13318265.3161 4694492.8712),684,12,-119.64,1.7,9,41.96,5.89,1994,38.81,12,23,-1.30E+07,4694493
POINT (-12796176.7443 3772503.3487),685,14,-114.95,10,10,48.63,5.22,1994,32.07,3,,-1.30E+07,3772503
POINT (-13838127.4466 4974067.7624),686,14,-124.31,23.5,12,29.17,5.48,1994,40.74,26,10,-1.40E+07,4974068
POINT (-13975050.4362 4947657.5066),687,4,-125.54,10,2,16.19,6.6,1995,40.56,19,3,-1.40E+07,4947658
POINT (-13210285.3413 4081291.1389),688,8,-118.67,13.3,6,28.94,5.02,1995,34.39,26,40,-1.30E+07,4081291
POINT (-13097852.6507 4270392.4734),689,22,-117.66,5.6,8,58.99,5.4,1995,35.78,17,39,-1.30E+07,4270392
POINT (-13095626.2602 4267648.4847),690,23,-117.64,5.4,9,36.27,5.54,1995,35.76,20,27,-1.30E+07,4267648
POINT (-13096739.4553 4267648.4847),691,14,-117.65,4,1,53.02,5.17,1996,35.76,7,32,-1.30E+07,4267648
POINT (-14016238.6741 5128081.9963),692,20,-125.91,10,7,44.79,5.68,1996,41.78,24,15,-1.40E+07,5128082
POINT (-13096739.4587 4311635.5364),693,20,-117.65,1.2,11,24.11,5.09,1996,36.08,27,17,-1.30E+07,4311636
POINT (-13845919.8045 4905256.5854),694,7,-124.38,23.7,1,16.81,5.68,1997,40.27,22,17,-1.40E+07,4905257
POINT (-13004344.254 4159805.6887),695,15,-116.82,1.7,3,47.72,5.26,1997,34.97,18,24,-1.30E+07,4159806
POINT (-13210285.3411 4078593.4999),696,10,-118.67,16.4,4,30.67,5.07,1997,34.37,26,37,-1.30E+07,4078593
POINT (-13955012.9333 5019720.1741),697,10,-125.36,7.3,10,34.01,5.57,1997,41.05,4,57,-1.40E+07,5019720
POINT (-13932749.0313 5012342.3875),698,10,-125.16,5.7,10,8.3,5.35,1997,41,26,44,-1.40E+07,5012342
POINT (-13160191.6002 4558258.1945),699,8,-118.22,6.4,11,53.93,5.34,1997,37.85,2,51,-1.30E+07,4558258
POINT (-13095626.2636 4310258.2406),700,5,-117.64,1.8,3,40.34,5.2,1998,36.07,6,47,-1.30E+07,4310258
POINT (-13093399.8735 4311635.5367),701,,-117.62,1.7,3,46.84,5.04,1998,36.08,7,36,-1.30E+07,4311636
POINT (-13224756.9124 4521668.0998),702,5,-118.8,7,6,40.16,5.13,1998,37.59,9,24,-1.30E+07,4521668
POINT (-13225870.1072 4517454.4085),703,4,-118.81,6.2,7,19.25,5.07,1998,37.56,15,53,-1.30E+07,4517454
POINT (-13520866.795 4404317.7409),704,14,-121.46,9.1,8,25.12,5.17,1998,36.75,12,10,-1.40E+07,4404318
POINT (-13626620.3811 4956453.0475),705,19,-122.41,23.4,11,53.75,5.37,1998,40.62,26,49,-1.40E+07,4956453
POINT (-13947220.5615 4963788.633),706,,-125.29,4.9,11,49.06,5.52,1998,40.67,27,43,-1.40E+07,4963789
POINT (-13226983.3019 4513242.4135),707,13,-118.82,5.6,5,10.66,5.53,1999,37.53,15,22,-1.30E+07,4513242
POINT (-13033287.3531 4493608.8088),708,16,-117.08,7.5,8,22.05,5.67,1999,37.39,1,6,-1.30E+07,4493609
POINT (-12943118.5195 4108303.106),709,9,-116.27,,10,44.13,7.12,1999,34.59,16,46,-1.30E+07,4108303
POINT (-12945344.9106 4120479.6831),710,9,-116.29,10.8,10,35.2,5.77,1999,34.68,16,59,-1.30E+07,4120480
POINT (-13028834.5392 4061074.5273),711,9,-117.04,6,10,38,5.6,1999,34.24,16,59,-1.30E+07,4061075
POINT (-12940892.128 4088038.0768),712,12,-116.25,2,10,21.06,5.37,1999,34.44,16,57,-1.30E+07,4088038
POINT (-13941654.5816 4922779.6348),713,15,-125.24,5.5,3,56.38,5.86,2000,40.39,16,19,-1.40E+07,4922780
POINT (-13626620.348 4633247.7281),714,8,-122.41,9.9,9,30.11,5.17,2000,38.38,3,36,-1.40E+07,4633248
POINT (-13946107.3675 4974067.7502),715,13,-125.28,5.6,1,42.32,5.54,2001,40.74,13,8,-1.40E+07,4974068
POINT (-13018815.7838 4067809.3905),716,21,-116.95,9.1,2,5.78,5.13,2001,34.29,10,5,-1.30E+07,4067809
POINT (-13121229.7502 4303374.3839),717,12,-117.87,3,7,26.1,5.17,2001,36.02,17,7,-1.30E+07,4303374
POINT (-13430698.0345 4839820.2965),718,20,-120.65,17.8,8,26.6,5.18,2001,39.82,10,19,-1.30E+07,4839820
POINT (-13944994.1677 4930090.122),719,8,-125.27,2.4,9,23,5.1,2001,40.44,20,2,-1.40E+07,4930090
POINT (-12969835.1923 3963195.8892),720,7,-116.51,15.2,10,16.63,5.09,2001,33.51,31,56,-1.30E+07,3963196
POINT (-12801742.7194 3763311.2475),721,23,-115,7,12,10.11,5.74,2001,32,8,36,-1.30E+07,3763311
POINT (-12837364.9652 3805389.9132),722,19,-115.32,7,2,41.75,5.48,2002,32.32,22,32,-1.30E+07,3805390
POINT (-13870410.1048 4985828.5759),723,16,-124.6,22.3,6,7.52,5.27,2002,40.82,17,55,-1.40E+07,4985829
POINT (-13007683.833 4070504.4583),724,12,-116.85,1.2,2,10.58,5.19,2003,34.31,22,19,-1.30E+07,4070504
POINT (-13962805.2976 5009392.8356),725,9,-125.43,8.6,8,14.93,5.24,2003,40.98,15,22,-1.40E+07,5009393
POINT (-13480791.7604 4259420.6235),726,19,-121.1,8.1,12,56.26,6.55,2003,35.7,22,15,-1.30E+07,4259421
POINT (-13126795.6917 3806707.2424),727,22,-117.92,10,6,48.16,5.04,2004,32.33,15,28,-1.30E+07,3806707
POINT (-13211398.5766 4580839.3064),728,23,-118.68,5.5,9,17.75,5.4,2004,38.01,18,2,-1.30E+07,4580839
POINT (-13209172.1866 4582252.2606),729,23,-118.66,10.2,9,41.79,5.37,2004,38.02,18,43,-1.30E+07,4582252
POINT (-13399528.5207 4275882.4991),730,17,-120.37,8.6,9,24.25,5.97,2004,35.82,28,15,-1.30E+07,4275882
POINT (-13414000.0583 4293744.2969),731,17,-120.5,11.4,9,4.03,5.07,2004,35.95,29,10,-1.30E+07,4293744
POINT (-13204719.3757 4217008.3752),732,22,-118.62,3.5,9,54.24,5.02,2004,35.39,29,54,-1.30E+07,4217008
POINT (-13267058.2972 4167959.4317),733,19,-119.18,10.3,4,13.55,5.15,2005,35.03,16,18,-1.30E+07,4167959
POINT (-12976514.3631 3965866.4041),734,15,-116.57,14.2,6,46.54,5.21,2005,33.53,12,41,-1.30E+07,3965866
POINT (-14020691.4458 5055211.879),735,2,-125.95,16,6,54.19,7.22,2005,41.29,15,50,-1.40E+07,5055212
POINT (-13575413.3681 4565309.4788),736,18,-121.95,0.6,6,57.64,5.24,2005,37.9,20,14,-1.40E+07,4565309
POINT (-13495263.3034 4347506.9358),737,7,-121.23,5.2,7,28.11,5.69,2005,36.34,4,11,-1.30E+07,4347507
POINT (-12872987.2153 3916561.2388),738,1,-115.64,9.8,9,19.81,5.15,2005,33.16,2,27,-1.30E+07,3916561
POINT (-14015125.4828 5157984.7451),739,20,-125.9,10,3,6.77,5,2006,41.98,25,14,-1.40E+07,5157985
POINT (-12827346.2092 3804072.7132),740,4,-115.23,6,5,26.01,5.37,2006,32.31,24,20,-1.30E+07,3804073
POINT (-13851485.7799 4906715.6508),741,11,-124.43,20.7,7,43.45,5,2006,40.28,19,41,-1.40E+07,4906716
POINT (-13900021.0905 4959826.7203),742,12,-124.866,,2,54.48,5.4,2007,40.643,26,19,-1.40E+07,4959827
POINT (-13916719.012 4920587.5499),743,7,-125.016,0.2,5,3.83,5.4,2007,40.375,9,50,-1.40E+07,4920588
POINT (-13895345.6791 5029467.4534),744,2,-124.824,3.4,6,24.62,5,2007,41.116,25,32,-1.40E+07,5029467
POINT (-13555821.1288 4499775.37),745,3,-121.774,10,10,54.81,5.6,2007,37.434,31,4,-1.40E+07,4499775
POINT (-12836808.3687 3823318.3126),746,7,-115.315,2.9,2,5.8,5.1,2008,32.456,9,12,-1.30E+07,3823318
POINT (-12837031.0076 3821075.7852),747,18,-115.317,2.7,2,31.8,5.1,2008,32.439,11,29,-1.30E+07,3821076
POINT (-12838923.4395 3824901.5278),748,4,-115.334,13,2,37.9,5,2008,32.468,12,32,-1.30E+07,3824902
POINT (-12837031.0077 3824901.5279),749,22,-115.317,10.7,2,30.7,5.1,2008,32.468,19,41,-1.30E+07,3824902
POINT (-13351583.2552 4796881.3212),750,6,-119.939,2.8,4,10.453,5.1,2008,39.5231,26,40,-1.30E+07,4796881
POINT (-13350547.9838 4796433.9568),751,6,-119.93,1.4,4,10.61,5,2008,39.52,26,40,-1.30E+07,4796434
POINT (-13747624.6891 4988182.4546),752,3,-123.497,29.1,4,6.9,5.4,2008,40.836,30,3,-1.40E+07,4988182
POINT (-13109095.9032 4022493.4659),753,18,-117.761,14.7,7,15.71,5.5,2008,33.953,29,42,-1.30E+07,4022493
POINT (-13873527.0431 4915036.4487),754,9,-124.628,21.6,10,22.34,5,2008,40.337,26,27,-1.40E+07,4915036
POINT (-12959705.1287 4138498.217),755,4,-116.419,7.3,12,42.85,5.1,2008,34.813,6,18,-1.30E+07,4138498
POINT (-12882783.3335 3937590.2601),756,11,-115.728,5.8,3,43.02,5,2009,33.318,24,55,-1.30E+07,3937590
POINT (-13874528.9182 4911094.1415),757,10,-124.637,16.9,8,34.72,5,2009,40.31,7,49,-1.40E+07,4911094
POINT (-12831465.0316 3813427.9899),758,22,-115.267,3,9,18.5,5.2,2009,32.381,19,55,-1.30E+07,3813428
POINT (-13119893.9202 4354142.4555),759,10,-117.858,5.6,10,24.67,5.1,2009,36.388,1,1,-1.30E+07,4354142
POINT (-13120227.8787 4354557.3095),760,1,-117.861,,10,0.31,5.2,2009,36.391,3,16,-1.30E+07,4354557
POINT (-13054994.6369 4238604.4755),761,21,-117.275,2.2,11,30.63,5.1,2009,35.548,16,21,-1.30E+07,4238604
POINT (-12820110.4419 3820811.9872),762,18,-115.165,9,12,57.7,5.9,2009,32.437,30,48,-1.30E+07,3820812
POINT (-13880651.4965 4961147.1837),763,,-124.692,29.3,1,39.32,6.5,2010,40.652,10,27,-1.40E+07,4961147
POINT (-13910596.4398 4925995.5835),764,20,-124.961,23.6,2,21.97,5.9,2010,40.412,4,20,-1.40E+07,4925996
POINT (-12891688.8891 3850658.4359),765,11,-115.808,13.6,4,14.88,5.1,2010,32.663,5,14,-1.30E+07,3850658
POINT (-12890909.6524 3847617.5254),766,13,-115.801,,4,5.4,5,2010,32.64,5,33,-1.30E+07,3847618
POINT (-12891466.2501 3852245.3086),767,18,-115.806,6,5,11.02,5,2010,32.675,8,33,-1.30E+07,3852245
POINT (-12887792.7058 3844445.2349),768,17,-115.773,3.5,5,58.8,5.1,2010,32.616,22,30,-1.30E+07,3844445
POINT (-12904267.994 3855551.9774),769,4,-115.921,5.4,6,58.48,5.8,2010,32.7,15,26,-1.30E+07,3855552
POINT (-12967497.4819 3951186.199),770,23,-116.489,14,7,33.53,5.5,2010,33.42,7,53,-1.30E+07,3951186
POINT (-13780241.3099 5033457.8114),771,21,-123.79,28.2,2,2.77,5.6,2012,41.143,13,7,-1.40E+07,5033458
POINT (-13973714.5993 4922048.881),772,1,-125.528,25,7,1.69,5.1,2012,40.385,21,52,-1.40E+07,4922049
POINT (-13951784.6571 4925995.579),773,6,-125.331,6.1,7,21.25,5.2,2012,40.412,21,4,-1.40E+07,4925996
POINT (-12862523.1802 3897826.8083),774,19,-115.546,12.3,8,22.9,5.4,2012,33.019,26,31,-1.30E+07,3897827
POINT (-12862857.1387 3898490.6366),775,20,-115.549,9,8,58.2,5.5,2012,33.024,26,57,-1.30E+07,3898491
POINT (-13453629.8072 4343499.9798),776,6,-120.856,9.4,10,9.5,5.4,2012,36.311,21,55,-1.30E+07,4343500
POINT (-13141601.2443 4583382.7687),777,,-118.053,12.4,2,14.27,5.2,2013,38.028,13,10,-1.30E+07,4583383
POINT (-13476283.3788 4893854.1604),778,3,-121.06,9.7,5,8.1,5.7,2013,40.1918,24,47,-1.30E+07,4893854
POINT (-13929832.4573 4987108.4126),779,5,-125.134,16.6,3,13.4,6.8,2014,40.8287,10,18,-1.40E+07,4987108
POINT (-13126480.3035 4019742.6676),780,4,-117.917,4.77,3,42.31,5.1,2014,33.9325,29,9,-1.30E+07,4019743
POINT (-13615748.1368 4609867.1007),781,10,-122.312,11.12,8,44.07,6.02,2014,38.21517,24,20,-1.40E+07,4609867
POINT (-14001173.4152 4930382.6483),782,12,-125.775,23.9,1,14.57,5.36,2015,40.442,1,16,-1.40E+07,4930383
POINT (-13871152.2303 4912237.7304),783,21,-124.607,17.17,1,53.71,5.73,2015,40.31783,28,8,-1.40E+07,4912238